{"train_loss": 81938.29363075714, "_timestamp": 1682781397.1612082, "_runtime": 111.8159601688385, "_step": 200, "val_loss": 95148.03456872074, "_wandb": {"runtime": 110}}