{"train_loss": 153880.17195253237, "_timestamp": 1682781836.7436059, "_runtime": 382.4347379207611, "_step": 200, "val_loss": 168590.27955276158, "_wandb": {"runtime": 381}}