{"val_loss": 0.6946486069150081, "_timestamp": 1683463201.2377396, "_runtime": 701.8174266815186, "_step": 81}