{"train_loss": 0.5532305505867966, "_timestamp": 1683464526.567389, "_runtime": 2027.1470761299133, "_step": 200, "val_loss": 0.695164623703459, "_wandb": {"runtime": 2026}}