{"train_loss": 0.5965934415360588, "_timestamp": 1683312004.9257977, "_runtime": 12506.850349664688, "_step": 200, "val_loss": 0.5508207977758908, "_wandb": {"runtime": 12505}}