{"train_loss": 0.060685694217681885, "_timestamp": 1683576684.0240333, "_runtime": 11362.290677309036, "_step": 999, "_wandb": {"runtime": 11366}}