{"train_loss": 462854.2474003217, "_timestamp": 1682781871.4939282, "_runtime": 344.52742528915405, "_step": 200, "val_loss": 489633.17709941807, "_wandb": {"runtime": 343}}