{"train_loss": 0.17068031169143927, "_timestamp": 1683280780.4494767, "_runtime": 1759.8103318214417, "_step": 200, "val_loss": 0.13654784068058337, "_wandb": {"runtime": 1758}}