{"train_loss": 85617.42485029352, "_timestamp": 1682781097.1944466, "_runtime": 112.3711986541748, "_step": 200, "val_loss": 82093.17294749604, "_wandb": {"runtime": 111}}